[
  {
    "title": "Classic White Tee",
    "description": "Soft cotton round-neck t-shirt.",
    "price": 499,
    "image": "https://picsum.photos/seed/tee1/800/600",
    "stock": 25,
    "category": "clothing"
  },
  {
    "title": "Denim Jacket",
    "description": "Mid-wash denim jacket for all seasons.",
    "price": 2499,
    "image": "https://picsum.photos/seed/jacket1/800/600",
    "stock": 10,
    "category": "clothing"
  },
  {
    "title": "Black Hoodie",
    "description": "Fleece-lined pullover hoodie.",
    "price": 1599,
    "image": "https://picsum.photos/seed/hoodie1/800/600",
    "stock": 18,
    "category": "clothing"
  },
  {
    "title": "Slim Fit Jeans",
    "description": "Dark blue stretch jeans.",
    "price": 1999,
    "image": "https://picsum.photos/seed/jeans1/800/600",
    "stock": 22,
    "category": "clothing"
  },
  {
    "title": "Sports Shorts",
    "description": "Breathable running shorts.",
    "price": 799,
    "image": "https://picsum.photos/seed/shorts1/800/600",
    "stock": 35,
    "category": "clothing"
  },
  {
    "title": "Casual Shirt",
    "description": "Checked cotton shirt.",
    "price": 1299,
    "image": "https://picsum.photos/seed/shirt1/800/600",
    "stock": 16,
    "category": "clothing"
  },
  {
    "title": "Summer Dress",
    "description": "Light floral A-line dress.",
    "price": 1799,
    "image": "https://picsum.photos/seed/dress1/800/600",
    "stock": 12,
    "category": "clothing"
  },
  {
    "title": "Running Sneakers",
    "description": "Lightweight everyday trainers.",
    "price": 2999,
    "image": "https://picsum.photos/seed/sneakers1/800/600",
    "stock": 14,
    "category": "clothing"
  },
  {
    "title": "Wireless Headphones",
    "description": "Over-ear Bluetooth headphones with mic.",
    "price": 3499,
    "image": "https://picsum.photos/seed/headphones1/800/600",
    "stock": 20,
    "category": "electronics"
  },
  {
    "title": "Smartwatch",
    "description": "Fitness tracking with heart-rate monitor.",
    "price": 3999,
    "image": "https://picsum.photos/seed/watch1/800/600",
    "stock": 15,
    "category": "electronics"
  },
  {
    "title": "Portable Speaker",
    "description": "Compact wireless speaker, deep bass.",
    "price": 2299,
    "image": "https://picsum.photos/seed/speaker1/800/600",
    "stock": 25,
    "category": "electronics"
  },
  {
    "title": "USB-C Power Bank",
    "description": "10000mAh fast-charging power bank.",
    "price": 1499,
    "image": "https://picsum.photos/seed/powerbank1/800/600",
    "stock": 30,
    "category": "electronics"
  },
  {
    "title": "Mechanical Keyboard",
    "description": "Compact 68-key mechanical keyboard.",
    "price": 4599,
    "image": "https://picsum.photos/seed/keyboard1/800/600",
    "stock": 11,
    "category": "electronics"
  },
  {
    "title": "1080p Webcam",
    "description": "Full HD webcam with privacy cover.",
    "price": 2599,
    "image": "https://picsum.photos/seed/webcam1/800/600",
    "stock": 17,
    "category": "electronics"
  },
  {
    "title": "Wireless Mouse",
    "description": "Silent clicks, ergonomic design.",
    "price": 999,
    "image": "https://picsum.photos/seed/mouse1/800/600",
    "stock": 40,
    "category": "electronics"
  }
]